ref	object	object_type	peeled_object	peeled_type	created_at	subject	original_url	commit_url
refs/heads/ExtFUSE-1.0	5b381d81f0d2a4a37ca4c73a3c8e5e778138b32d	commit			2020-07-25T11:42:57-05:00	Synchronize fuse_init_out with current kernel master	https://github.com/extfuse/libfuse/tree/ExtFUSE-1.0	https://github.com/extfuse/libfuse/commit/5b381d81f0d2a4a37ca4c73a3c8e5e778138b32d
refs/heads/master	86ebe1d2dffdd160936992bf456eaa30de56567a	commit			2019-02-27T21:20:58Z	Travis CI: Use Xenial instead of Trusty.	https://github.com/extfuse/libfuse/tree/master	https://github.com/extfuse/libfuse/commit/86ebe1d2dffdd160936992bf456eaa30de56567a
refs/remotes/origin/ExtFUSE-1.0	5b381d81f0d2a4a37ca4c73a3c8e5e778138b32d	commit			2020-07-25T11:42:57-05:00	Synchronize fuse_init_out with current kernel master	https://github.com/extfuse/libfuse/tree/ExtFUSE-1.0	https://github.com/extfuse/libfuse/commit/5b381d81f0d2a4a37ca4c73a3c8e5e778138b32d
refs/remotes/origin/HEAD	86ebe1d2dffdd160936992bf456eaa30de56567a	commit			2019-02-27T21:20:58Z	Travis CI: Use Xenial instead of Trusty.	https://github.com/extfuse/libfuse	https://github.com/extfuse/libfuse/commit/86ebe1d2dffdd160936992bf456eaa30de56567a
refs/remotes/origin/fuse-2_9_bugfix	df499bf1ce634f6e67d4d366c4475d32143f00f0	commit			2016-06-20T12:55:12-07:00	Released 2.9.7.	https://github.com/extfuse/libfuse/tree/fuse-2_9_bugfix	https://github.com/extfuse/libfuse/commit/df499bf1ce634f6e67d4d366c4475d32143f00f0
refs/remotes/origin/fuse_1_1_bugfix	4db49b5c1c8166f165bd32393b61bf69187aa050	commit			2004-10-14T12:40:35Z	version 1.4	https://github.com/extfuse/libfuse/tree/fuse_1_1_bugfix	https://github.com/extfuse/libfuse/commit/4db49b5c1c8166f165bd32393b61bf69187aa050
refs/remotes/origin/fuse_2_0_bugfix	16d7c0a74e4764576c1b282ecdb8c24252cde500	commit			2004-12-10T11:55:04Z	fix	https://github.com/extfuse/libfuse/tree/fuse_2_0_bugfix	https://github.com/extfuse/libfuse/commit/16d7c0a74e4764576c1b282ecdb8c24252cde500
refs/remotes/origin/fuse_2_2_bugfix	2963d77cee1bd0cc0fa2bb261ed2394ec58e21d2	commit			2005-07-22T12:54:08Z	fix	https://github.com/extfuse/libfuse/tree/fuse_2_2_bugfix	https://github.com/extfuse/libfuse/commit/2963d77cee1bd0cc0fa2bb261ed2394ec58e21d2
refs/remotes/origin/fuse_2_4_bugfix	968f7b933137b49467446283f3f6f17fc3ff993e	commit			2005-11-22T21:45:33Z	new version	https://github.com/extfuse/libfuse/tree/fuse_2_4_bugfix	https://github.com/extfuse/libfuse/commit/968f7b933137b49467446283f3f6f17fc3ff993e
refs/remotes/origin/fuse_2_5_bugfix	d7c3355242f7b5bc144934c97b17ce00835d9bc3	commit			2006-04-10T08:56:41Z	new version	https://github.com/extfuse/libfuse/tree/fuse_2_5_bugfix	https://github.com/extfuse/libfuse/commit/d7c3355242f7b5bc144934c97b17ce00835d9bc3
refs/remotes/origin/fuse_2_6_bugfix	a13323d10b62bafec9075126be8fc5bc02de82f2	commit			2007-05-24T18:51:08Z	fix memory leak on thread creation failure...	https://github.com/extfuse/libfuse/tree/fuse_2_6_bugfix	https://github.com/extfuse/libfuse/commit/a13323d10b62bafec9075126be8fc5bc02de82f2
refs/remotes/origin/fuse_2_7_bugfix	7140585ba73f9232e3a7951ee3ab0c83c483f997	commit			2010-04-26T15:34:56Z	* Fix checking for symlinks in umount from /tmp.  Reported by Al Viro * Fix umounting if /tmp is a symlink.  Reported by Franco Broi * Fix stack alignment for clone()	https://github.com/extfuse/libfuse/tree/fuse_2_7_bugfix	https://github.com/extfuse/libfuse/commit/7140585ba73f9232e3a7951ee3ab0c83c483f997
refs/remotes/origin/fuse_2_8_bugfix	fe2d9621519976a7811c00965318927fcef18984	commit			2015-05-22T11:33:40+02:00	libfuse: fix exec environment for mount and umount	https://github.com/extfuse/libfuse/tree/fuse_2_8_bugfix	https://github.com/extfuse/libfuse/commit/fe2d9621519976a7811c00965318927fcef18984
refs/remotes/origin/fuse_2_9_bugfix	d04687923194d906fe5ad82dcd546c9807bf15b6	commit			2019-01-04T13:38:34Z	Released 2.9.9	https://github.com/extfuse/libfuse/tree/fuse_2_9_bugfix	https://github.com/extfuse/libfuse/commit/d04687923194d906fe5ad82dcd546c9807bf15b6
refs/remotes/origin/fuse_3_0_bugfix	3611d4e4a9936ed56999a763c7f6244c3dfe76a6	commit			2016-12-23T18:37:04-08:00	Memory leak fixed in file : mount_bsd.c	https://github.com/extfuse/libfuse/tree/fuse_3_0_bugfix	https://github.com/extfuse/libfuse/commit/3611d4e4a9936ed56999a763c7f6244c3dfe76a6
refs/remotes/origin/master	86ebe1d2dffdd160936992bf456eaa30de56567a	commit			2019-02-27T21:20:58Z	Travis CI: Use Xenial instead of Trusty.	https://github.com/extfuse/libfuse/tree/master	https://github.com/extfuse/libfuse/commit/86ebe1d2dffdd160936992bf456eaa30de56567a
refs/tags/before_interruptible	c45d1a66b86c3e274113fdf30ab39ad2c2a69179	commit			2004-12-07T20:13:47Z	protect get_user_pages with mmap_sem	https://github.com/extfuse/libfuse/releases/tag/before_interruptible	https://github.com/extfuse/libfuse/commit/c45d1a66b86c3e274113fdf30ab39ad2c2a69179
refs/tags/debian_version_0_95-1	f0cd8e4c394b16c496ed08a3448be0b5fdbfa5e5	commit			2002-04-12T14:32:43Z	Changed #include "fusestat.h" to #include <fusestat.h> and added fusestat.h to include/Makefile.am, so that building with headers in /usr/include works.	https://github.com/extfuse/libfuse/releases/tag/debian_version_0_95-1	https://github.com/extfuse/libfuse/commit/f0cd8e4c394b16c496ed08a3448be0b5fdbfa5e5
refs/tags/debian_version_1_0-1	ce63733284dd6519d2f4ca03c6aa8a6caa328379	commit			2003-10-07T16:08:58Z	updated Debian packaging:    * debian/genchanges.sh: Only run gpg/pgp if available. Closes: #209358.    * debian/fuse-module.control: Fixed typo (fuse-module instead of      fule-module). Closes: #212576.	https://github.com/extfuse/libfuse/releases/tag/debian_version_1_0-1	https://github.com/extfuse/libfuse/commit/ce63733284dd6519d2f4ca03c6aa8a6caa328379
refs/tags/fuse-2.9.6	fa92e199c5d2e9d08ce4726f53d98811d752f095	tag	a82a069c9770019bce0fe695e2b1f1d76139a52c	commit	2016-04-23T09:48:15-07:00	Tagged release	https://github.com/extfuse/libfuse/releases/tag/fuse-2.9.6	https://github.com/extfuse/libfuse/commit/a82a069c9770019bce0fe695e2b1f1d76139a52c
refs/tags/fuse-2.9.7	850320db6dc96895799cd14dc2ac72fae857958d	tag	df499bf1ce634f6e67d4d366c4475d32143f00f0	commit	2016-06-20T12:55:21-07:00	Tagged release	https://github.com/extfuse/libfuse/releases/tag/fuse-2.9.7	https://github.com/extfuse/libfuse/commit/df499bf1ce634f6e67d4d366c4475d32143f00f0
refs/tags/fuse-2.9.8	66f3faa29d6a74fb560013377b34ddfc47371c80	tag	6172ece7177fec28f3a771bbd445d5e9b9d5acd0	commit	2018-07-25T11:06:08+01:00	Tagged release.	https://github.com/extfuse/libfuse/releases/tag/fuse-2.9.8	https://github.com/extfuse/libfuse/commit/6172ece7177fec28f3a771bbd445d5e9b9d5acd0
refs/tags/fuse-2.9.9	59d3809daa2921e1324a23b9dbec46e2a7cbd2be	tag	d04687923194d906fe5ad82dcd546c9807bf15b6	commit	2019-01-04T13:38:46Z	Tagged release.	https://github.com/extfuse/libfuse/releases/tag/fuse-2.9.9	https://github.com/extfuse/libfuse/commit/d04687923194d906fe5ad82dcd546c9807bf15b6
refs/tags/fuse-3.0.0	0b59fa976f04865acfda70fcc5ec5bb8370fe9b7	tag	085cbab117b72df8da113a46d9ec9ba64ca301c6	commit	2016-12-09T09:33:10-08:00	Tagged release	https://github.com/extfuse/libfuse/releases/tag/fuse-3.0.0	https://github.com/extfuse/libfuse/commit/085cbab117b72df8da113a46d9ec9ba64ca301c6
refs/tags/fuse-3.0.0pre0	1379fb7c4c9b8d98b391ec775326afc3406451be	tag	7667317eef10e32a1b25b9d0abf3e7805e4b8434	commit	2016-10-03T09:09:21-07:00	Tagged release	https://github.com/extfuse/libfuse/releases/tag/fuse-3.0.0pre0	https://github.com/extfuse/libfuse/commit/7667317eef10e32a1b25b9d0abf3e7805e4b8434
refs/tags/fuse-3.0.0rc1	4964c2137e0f1688dafd1f01b9379c59d044545c	tag	3475bc3b5a5ee0fd1fd867e2af8804c9d93c3bd4	commit	2016-10-28T11:58:01-07:00	Tagged release	https://github.com/extfuse/libfuse/releases/tag/fuse-3.0.0rc1	https://github.com/extfuse/libfuse/commit/3475bc3b5a5ee0fd1fd867e2af8804c9d93c3bd4
refs/tags/fuse-3.0.0rc2	36024a8dc9e90cb6db94a4f04a0f252029448302	tag	d0b377c9afde0ebc8f5d2c0be4d124912f3606c1	commit	2016-11-29T08:40:53-08:00	Tagged release.	https://github.com/extfuse/libfuse/releases/tag/fuse-3.0.0rc2	https://github.com/extfuse/libfuse/commit/d0b377c9afde0ebc8f5d2c0be4d124912f3606c1
refs/tags/fuse-3.0.0rc3	4408138ebd2ea3cf0e6f6e2d10f919482f88e02d	tag	0ff1e001e8c422756312c397f277c717f2770cec	commit	2016-11-29T08:35:03-08:00	Tagged release	https://github.com/extfuse/libfuse/releases/tag/fuse-3.0.0rc3	https://github.com/extfuse/libfuse/commit/0ff1e001e8c422756312c397f277c717f2770cec
refs/tags/fuse-3.0.1	9b7295392d39329c532dc93b40420f3f8ec0108e	tag	6c94a9f5b66e733ce455c1ddceb2f92be162cf0b	commit	2017-04-10T17:28:50-07:00	Tagged release.	https://github.com/extfuse/libfuse/releases/tag/fuse-3.0.1	https://github.com/extfuse/libfuse/commit/6c94a9f5b66e733ce455c1ddceb2f92be162cf0b
refs/tags/fuse-3.0.2	60da25090e638abde9b3acc74d79e03eb9fd40ef	tag	e90bb40f9cddd3dfc403328de21f538b77f814b3	commit	2017-05-24T13:56:32-07:00	Tagged release	https://github.com/extfuse/libfuse/releases/tag/fuse-3.0.2	https://github.com/extfuse/libfuse/commit/e90bb40f9cddd3dfc403328de21f538b77f814b3
refs/tags/fuse-3.1.0	426644ec400bf350b9e6272207f49764f62a8cec	tag	d2ed5539fc406008816e9c65b44e2f1d0554ffbe	commit	2017-07-08T12:48:58+02:00	Tagged release.	https://github.com/extfuse/libfuse/releases/tag/fuse-3.1.0	https://github.com/extfuse/libfuse/commit/d2ed5539fc406008816e9c65b44e2f1d0554ffbe
refs/tags/fuse-3.1.1	4dba7c3bb9ce4cc179d5557ea9fa3da7344a1eee	tag	4be90a6f9a9f242b1f480024a7cb3c749fcf5390	commit	2017-08-06T13:25:04+02:00	Tagged release.	https://github.com/extfuse/libfuse/releases/tag/fuse-3.1.1	https://github.com/extfuse/libfuse/commit/4be90a6f9a9f242b1f480024a7cb3c749fcf5390
refs/tags/fuse-3.2.0	04ad37016fc2db37469e99f26fdd5e58fbe969c8	tag	cfdca8c6a0f901f409d0a66dd158bd6c8b470bb6	commit	2017-09-12T14:50:27+01:00	Tagged release.	https://github.com/extfuse/libfuse/releases/tag/fuse-3.2.0	https://github.com/extfuse/libfuse/commit/cfdca8c6a0f901f409d0a66dd158bd6c8b470bb6
refs/tags/fuse-3.2.1	7284900737bda8826cd24b492623f85e92e32918	tag	ae2cb7bd98f2f63b1b86320d7b8f0622d9a971d9	commit	2017-11-14T20:48:24Z	Tagged release.	https://github.com/extfuse/libfuse/releases/tag/fuse-3.2.1	https://github.com/extfuse/libfuse/commit/ae2cb7bd98f2f63b1b86320d7b8f0622d9a971d9
refs/tags/fuse-3.2.2	44eed84933b0c1e3767062a2975d7b2d80113ab2	tag	f83695864f21e3d478207b2bce1a2c200d43367f	commit	2018-03-31T13:13:19+01:00	Tagged release.	https://github.com/extfuse/libfuse/releases/tag/fuse-3.2.2	https://github.com/extfuse/libfuse/commit/f83695864f21e3d478207b2bce1a2c200d43367f
refs/tags/fuse-3.2.3	50af330a49ae2b0b63e19dbd8af222ed26c57880	tag	88da32d665eb3372f590675a5642c52f11c3ca03	commit	2018-05-11T15:01:44+01:00	Tagged release.	https://github.com/extfuse/libfuse/releases/tag/fuse-3.2.3	https://github.com/extfuse/libfuse/commit/88da32d665eb3372f590675a5642c52f11c3ca03
refs/tags/fuse-3.2.4	121e59175b9da54294f2bafdf8f8ec03e4af1bfc	tag	9b74ebdf1b995a3ce56349880287b35f649d0690	commit	2018-07-11T10:34:48+01:00	Tagged release.	https://github.com/extfuse/libfuse/releases/tag/fuse-3.2.4	https://github.com/extfuse/libfuse/commit/9b74ebdf1b995a3ce56349880287b35f649d0690
refs/tags/fuse-3.2.5	86dc68c65d3ddfddce15955d6db4f9b6806fa1dc	tag	932f4190e2b65419cef9960e27a7f94fcab9c816	commit	2018-07-24T07:45:33+01:00	Tagged release	https://github.com/extfuse/libfuse/releases/tag/fuse-3.2.5	https://github.com/extfuse/libfuse/commit/932f4190e2b65419cef9960e27a7f94fcab9c816
refs/tags/fuse-3.2.6	569e6ba128eb9e958c61fab62d2606063f6b0de8	tag	67e4914f938259182fa84e1e941c724a14d605c0	commit	2018-08-31T13:48:04+02:00	Tagged release	https://github.com/extfuse/libfuse/releases/tag/fuse-3.2.6	https://github.com/extfuse/libfuse/commit/67e4914f938259182fa84e1e941c724a14d605c0
refs/tags/fuse-3.3.0	64005f50885245b28fc0055e101948c1451997a7	tag	3e2fcf3a630e575bc420df254525834504dc01b7	commit	2018-11-06T18:58:08Z	Tagged release.	https://github.com/extfuse/libfuse/releases/tag/fuse-3.3.0	https://github.com/extfuse/libfuse/commit/3e2fcf3a630e575bc420df254525834504dc01b7
refs/tags/fuse-3.4.1	ebd3a529178f84816e40476b3afc3aa55c110204	tag	00fcda459bb82c556478a00dbb0c24dedda6080c	commit	2018-12-22T14:45:30Z	Tagged release	https://github.com/extfuse/libfuse/releases/tag/fuse-3.4.1	https://github.com/extfuse/libfuse/commit/00fcda459bb82c556478a00dbb0c24dedda6080c
refs/tags/fuse_0_9	0a7077f5364454de39fb1ac486d4bd233aa11798	commit			2001-11-11T18:20:17Z	x	https://github.com/extfuse/libfuse/releases/tag/fuse_0_9	https://github.com/extfuse/libfuse/commit/0a7077f5364454de39fb1ac486d4bd233aa11798
refs/tags/fuse_0_95	ddc862a82407f1eb951eb0f021c7511c47535538	commit			2002-01-09T13:46:10Z	release preparations	https://github.com/extfuse/libfuse/releases/tag/fuse_0_95	https://github.com/extfuse/libfuse/commit/ddc862a82407f1eb951eb0f021c7511c47535538
refs/tags/fuse_1_1	8812479463fe0904388037b27a170ecc4510ab32	commit			2004-02-04T11:06:17Z	1.1 release	https://github.com/extfuse/libfuse/releases/tag/fuse_1_1	https://github.com/extfuse/libfuse/commit/8812479463fe0904388037b27a170ecc4510ab32
refs/tags/fuse_1_1_post1	140a7c9a98a31fb3dbc1979e6da95cb03c7bea1f	commit			2004-02-12T13:41:31Z	This commit was manufactured by cvs2svn to create tag 'fuse_1_1_post1'.	https://github.com/extfuse/libfuse/releases/tag/fuse_1_1_post1	https://github.com/extfuse/libfuse/commit/140a7c9a98a31fb3dbc1979e6da95cb03c7bea1f
refs/tags/fuse_1_1_pre1	e5948dcc4e0d2d9a33dfec33edbfaff07d66c8f8	commit			2004-01-07T13:17:33Z	This commit was manufactured by cvs2svn to create tag 'fuse_1_1_pre1'.	https://github.com/extfuse/libfuse/releases/tag/fuse_1_1_pre1	https://github.com/extfuse/libfuse/commit/e5948dcc4e0d2d9a33dfec33edbfaff07d66c8f8
refs/tags/fuse_1_1_pre2	8b7a27a944462227a4b8fb12b0572f96eab468a2	commit			2004-01-26T16:05:34Z	*** empty log message ***	https://github.com/extfuse/libfuse/releases/tag/fuse_1_1_pre2	https://github.com/extfuse/libfuse/commit/8b7a27a944462227a4b8fb12b0572f96eab468a2
refs/tags/fuse_1_2	4190f0da990f04c01e379d21584c8c7597f079e4	commit			2004-06-22T10:58:37Z	add release notes to NEWS	https://github.com/extfuse/libfuse/releases/tag/fuse_1_2	https://github.com/extfuse/libfuse/commit/4190f0da990f04c01e379d21584c8c7597f079e4
refs/tags/fuse_1_3	d14d8d93d802748dade06bcc144323f1b557241e	commit			2004-07-14T20:26:31Z	release 1.3	https://github.com/extfuse/libfuse/releases/tag/fuse_1_3	https://github.com/extfuse/libfuse/commit/d14d8d93d802748dade06bcc144323f1b557241e
refs/tags/fuse_1_4	4db49b5c1c8166f165bd32393b61bf69187aa050	commit			2004-10-14T12:40:35Z	version 1.4	https://github.com/extfuse/libfuse/releases/tag/fuse_1_4	https://github.com/extfuse/libfuse/commit/4db49b5c1c8166f165bd32393b61bf69187aa050
refs/tags/fuse_1_9	127d49b0ef823cd8d7e6b83648f982566eab0016	commit			2004-10-14T13:33:39Z	version 1.9	https://github.com/extfuse/libfuse/releases/tag/fuse_1_9	https://github.com/extfuse/libfuse/commit/127d49b0ef823cd8d7e6b83648f982566eab0016
refs/tags/fuse_2_0_merge1	f3007f1833c50be71074ec29ff8614f34b2e05d2	commit			2004-11-10T12:09:33Z	fix	https://github.com/extfuse/libfuse/releases/tag/fuse_2_0_merge1	https://github.com/extfuse/libfuse/commit/f3007f1833c50be71074ec29ff8614f34b2e05d2
refs/tags/fuse_2_0_merge2	d1a835e7a5624c7ce265f8e523599b2285c70c85	commit			2004-11-11T10:05:18Z	fix	https://github.com/extfuse/libfuse/releases/tag/fuse_2_0_merge2	https://github.com/extfuse/libfuse/commit/d1a835e7a5624c7ce265f8e523599b2285c70c85
refs/tags/fuse_2_0_merge3	f208f8989f2f11d95eb8e92dd6be012f1364c3df	commit			2004-11-20T10:53:22Z	fix	https://github.com/extfuse/libfuse/releases/tag/fuse_2_0_merge3	https://github.com/extfuse/libfuse/commit/f208f8989f2f11d95eb8e92dd6be012f1364c3df
refs/tags/fuse_2_0_merge4	c68ca945dc13e36566be04d30b8c45129c925b9e	commit			2004-11-29T23:28:04Z	fix	https://github.com/extfuse/libfuse/releases/tag/fuse_2_0_merge4	https://github.com/extfuse/libfuse/commit/c68ca945dc13e36566be04d30b8c45129c925b9e
refs/tags/fuse_2_0_merge5	ee14a5a87590c62784f8345096da3e619a6c7e04	commit			2004-12-01T18:05:27Z	move linux/fuse.h to fuse_kernel.h	https://github.com/extfuse/libfuse/releases/tag/fuse_2_0_merge5	https://github.com/extfuse/libfuse/commit/ee14a5a87590c62784f8345096da3e619a6c7e04
refs/tags/fuse_2_0_pre0	dc2767d740168485ceb9db7c8ed4004cd5d79032	commit			2004-11-01T16:01:06Z	This commit was manufactured by cvs2svn to create tag 'fuse_2_0_pre0'.	https://github.com/extfuse/libfuse/releases/tag/fuse_2_0_pre0	https://github.com/extfuse/libfuse/commit/dc2767d740168485ceb9db7c8ed4004cd5d79032
refs/tags/fuse_2_1	da60b29bd900c1d16e480fa1d20f557275b85cff	commit			2004-12-03T14:35:21Z	release 2.1	https://github.com/extfuse/libfuse/releases/tag/fuse_2_1	https://github.com/extfuse/libfuse/commit/da60b29bd900c1d16e480fa1d20f557275b85cff
refs/tags/fuse_2_1_pre0	def69883671db8f3b13a11d8b92252f52f81904e	commit			2004-11-10T15:06:49Z	release 2.1-pre0	https://github.com/extfuse/libfuse/releases/tag/fuse_2_1_pre0	https://github.com/extfuse/libfuse/commit/def69883671db8f3b13a11d8b92252f52f81904e
refs/tags/fuse_2_1_pre1	ff6ba3e66bd0a8eb80974783b4152207230b1f19	commit			2004-11-14T08:27:26Z	version change	https://github.com/extfuse/libfuse/releases/tag/fuse_2_1_pre1	https://github.com/extfuse/libfuse/commit/ff6ba3e66bd0a8eb80974783b4152207230b1f19
refs/tags/fuse_2_2	7ed2e5d408037e04cb74fd275822ebbceab6b788	commit			2005-02-02T13:31:14Z	relased 2.2	https://github.com/extfuse/libfuse/releases/tag/fuse_2_2	https://github.com/extfuse/libfuse/commit/7ed2e5d408037e04cb74fd275822ebbceab6b788
refs/tags/fuse_2_2_1	80a5a938a95dbd9b830984415e4a20f62ab2872e	commit			2005-03-09T09:23:06Z	fix	https://github.com/extfuse/libfuse/releases/tag/fuse_2_2_1	https://github.com/extfuse/libfuse/commit/80a5a938a95dbd9b830984415e4a20f62ab2872e
refs/tags/fuse_2_2_merge1	703028c763ccfa99709e12dcfe3255d5b4a8d2c1	commit			2005-03-20T20:19:21Z	fix	https://github.com/extfuse/libfuse/releases/tag/fuse_2_2_merge1	https://github.com/extfuse/libfuse/commit/703028c763ccfa99709e12dcfe3255d5b4a8d2c1
refs/tags/fuse_2_2_merge2	967fd0119b3639db61fd710a2e95dfc21b93760c	commit			2005-03-25T11:56:38Z	add docs	https://github.com/extfuse/libfuse/releases/tag/fuse_2_2_merge2	https://github.com/extfuse/libfuse/commit/967fd0119b3639db61fd710a2e95dfc21b93760c
refs/tags/fuse_2_2_merge3	33d1cfc63c8fd0bbfd85a7b90e8b1fc7b557bc9f	commit			2005-03-31T19:07:15Z	fix	https://github.com/extfuse/libfuse/releases/tag/fuse_2_2_merge3	https://github.com/extfuse/libfuse/commit/33d1cfc63c8fd0bbfd85a7b90e8b1fc7b557bc9f
refs/tags/fuse_2_2_pre1	64107a63bef661b0ba53744bed84f7cd89c84c93	commit			2005-01-09T12:38:25Z	fix	https://github.com/extfuse/libfuse/releases/tag/fuse_2_2_pre1	https://github.com/extfuse/libfuse/commit/64107a63bef661b0ba53744bed84f7cd89c84c93
refs/tags/fuse_2_2_pre4	c2e960e6dfb5e7dfd5b33e3b0f5939577c12f25f	commit			2005-01-17T13:05:21Z	released 2.2-pre4	https://github.com/extfuse/libfuse/releases/tag/fuse_2_2_pre4	https://github.com/extfuse/libfuse/commit/c2e960e6dfb5e7dfd5b33e3b0f5939577c12f25f
refs/tags/fuse_2_2_pre5	64074146d6c768153f96bc67fe6eeb7243830f26	commit			2005-01-20T08:48:11Z	new release	https://github.com/extfuse/libfuse/releases/tag/fuse_2_2_pre5	https://github.com/extfuse/libfuse/commit/64074146d6c768153f96bc67fe6eeb7243830f26
refs/tags/fuse_2_2_pre6	d48d5f7b6084ec71aeb1d5a1203431b0396b0e01	commit			2005-01-26T20:43:41Z	released 2.2-pre6	https://github.com/extfuse/libfuse/releases/tag/fuse_2_2_pre6	https://github.com/extfuse/libfuse/commit/d48d5f7b6084ec71aeb1d5a1203431b0396b0e01
refs/tags/fuse_2_3_0	5647855a7ddd322e0e9ced1134e5ea6cc100904e	commit			2005-06-02T10:29:00Z	released 2.3.0	https://github.com/extfuse/libfuse/releases/tag/fuse_2_3_0	https://github.com/extfuse/libfuse/commit/5647855a7ddd322e0e9ced1134e5ea6cc100904e
refs/tags/fuse_2_3_pre1	7ff715cf59da48707ae776b235beb25175ff632c	commit			2005-03-31T21:30:34Z	version change	https://github.com/extfuse/libfuse/releases/tag/fuse_2_3_pre1	https://github.com/extfuse/libfuse/commit/7ff715cf59da48707ae776b235beb25175ff632c
refs/tags/fuse_2_3_pre2	91b5e9932f5b2a995d8234ff2c24170db5c78e93	commit			2005-04-01T21:09:43Z	change version	https://github.com/extfuse/libfuse/releases/tag/fuse_2_3_pre2	https://github.com/extfuse/libfuse/commit/91b5e9932f5b2a995d8234ff2c24170db5c78e93
refs/tags/fuse_2_3_pre3	30e093a32e4c9d0ebb803e0cc7e722dc909649ce	commit			2005-04-03T17:44:54Z	fix	https://github.com/extfuse/libfuse/releases/tag/fuse_2_3_pre3	https://github.com/extfuse/libfuse/commit/30e093a32e4c9d0ebb803e0cc7e722dc909649ce
refs/tags/fuse_2_3_pre4	432d618289bb46840a08454a210924dd84dc765f	commit			2005-04-07T15:56:13Z	fuse-2.3-pre4	https://github.com/extfuse/libfuse/releases/tag/fuse_2_3_pre4	https://github.com/extfuse/libfuse/commit/432d618289bb46840a08454a210924dd84dc765f
refs/tags/fuse_2_3_pre5	3efcb5658dced829d07253b973e2395d2affbccf	commit			2005-04-23T13:34:29Z	release	https://github.com/extfuse/libfuse/releases/tag/fuse_2_3_pre5	https://github.com/extfuse/libfuse/commit/3efcb5658dced829d07253b973e2395d2affbccf
refs/tags/fuse_2_3_pre6	cb6413a37468bf2d2008c6109fddf216ca79b87f	commit			2005-04-29T08:16:20Z	new release	https://github.com/extfuse/libfuse/releases/tag/fuse_2_3_pre6	https://github.com/extfuse/libfuse/commit/cb6413a37468bf2d2008c6109fddf216ca79b87f
refs/tags/fuse_2_3_pre7	0b9a06efb8fa6fa242a8d7483e596dbd88317377	commit			2005-05-09T09:05:49Z	release 2.3-pre7	https://github.com/extfuse/libfuse/releases/tag/fuse_2_3_pre7	https://github.com/extfuse/libfuse/commit/0b9a06efb8fa6fa242a8d7483e596dbd88317377
refs/tags/fuse_2_3_rc1	eb009c4336eb12bb687a5aa760cd4d319441f9e2	commit			2005-05-12T15:01:17Z	released 2.3-rc1	https://github.com/extfuse/libfuse/releases/tag/fuse_2_3_rc1	https://github.com/extfuse/libfuse/commit/eb009c4336eb12bb687a5aa760cd4d319441f9e2
refs/tags/fuse_2_4_0	f2491129cf48e1d7d4ec8906157870a527f2eed0	commit			2005-10-04T10:10:41Z	fix date	https://github.com/extfuse/libfuse/releases/tag/fuse_2_4_0	https://github.com/extfuse/libfuse/commit/f2491129cf48e1d7d4ec8906157870a527f2eed0
refs/tags/fuse_2_4_0_pre2	2277ecc77b79c45bc6605673f001cabd6f4974f7	commit			2005-09-08T15:34:44Z	2.4.0-pre2	https://github.com/extfuse/libfuse/releases/tag/fuse_2_4_0_pre2	https://github.com/extfuse/libfuse/commit/2277ecc77b79c45bc6605673f001cabd6f4974f7
refs/tags/fuse_2_4_0_rc1	c6931a932cd58604250f4dbb42a4d9c5420adf2b	commit			2005-09-26T14:58:35Z	fix	https://github.com/extfuse/libfuse/releases/tag/fuse_2_4_0_rc1	https://github.com/extfuse/libfuse/commit/c6931a932cd58604250f4dbb42a4d9c5420adf2b
refs/tags/fuse_2_4_1	c9daeb1e8d724c9015c8b363975261cf9b0d2fdb	commit			2005-10-17T10:19:21Z	version change	https://github.com/extfuse/libfuse/releases/tag/fuse_2_4_1	https://github.com/extfuse/libfuse/commit/c9daeb1e8d724c9015c8b363975261cf9b0d2fdb
refs/tags/fuse_2_4_2	968f7b933137b49467446283f3f6f17fc3ff993e	commit			2005-11-22T21:45:33Z	new version	https://github.com/extfuse/libfuse/releases/tag/fuse_2_4_2	https://github.com/extfuse/libfuse/commit/968f7b933137b49467446283f3f6f17fc3ff993e
refs/tags/fuse_2_5_0	75bb0deaf170b5aa1894de324139196310509ccc	commit			2006-01-14T18:38:54Z	new release	https://github.com/extfuse/libfuse/releases/tag/fuse_2_5_0	https://github.com/extfuse/libfuse/commit/75bb0deaf170b5aa1894de324139196310509ccc
refs/tags/fuse_2_5_0_pre1	3b534a478324b360d2a9804a28c2a49e06176f30	commit			2005-12-09T20:09:42Z	new version	https://github.com/extfuse/libfuse/releases/tag/fuse_2_5_0_pre1	https://github.com/extfuse/libfuse/commit/3b534a478324b360d2a9804a28c2a49e06176f30
refs/tags/fuse_2_5_0_pre2	e07b1a2ab1930a4a2a4f288abb20ece1ac23537f	commit			2006-01-09T14:46:10Z	new release	https://github.com/extfuse/libfuse/releases/tag/fuse_2_5_0_pre2	https://github.com/extfuse/libfuse/commit/e07b1a2ab1930a4a2a4f288abb20ece1ac23537f
refs/tags/fuse_2_5_2	db207ea2cdaf1493b877efedce480e96b43d3f9a	commit			2006-02-02T16:53:06Z	release	https://github.com/extfuse/libfuse/releases/tag/fuse_2_5_2	https://github.com/extfuse/libfuse/commit/db207ea2cdaf1493b877efedce480e96b43d3f9a
refs/tags/fuse_2_5_3	d7c3355242f7b5bc144934c97b17ce00835d9bc3	commit			2006-04-10T08:56:41Z	new version	https://github.com/extfuse/libfuse/releases/tag/fuse_2_5_3	https://github.com/extfuse/libfuse/commit/d7c3355242f7b5bc144934c97b17ce00835d9bc3
refs/tags/fuse_2_6_0	e414a2ff2cc5ba3bf618a3674a0a0a8408ad0470	commit			2006-10-22T11:29:14Z	new release	https://github.com/extfuse/libfuse/releases/tag/fuse_2_6_0	https://github.com/extfuse/libfuse/commit/e414a2ff2cc5ba3bf618a3674a0a0a8408ad0470
refs/tags/fuse_2_6_0_pre1	e109e285e0dc76c86830d9242084cd7638ff5752	commit			2006-02-20T11:06:20Z	new prerelease	https://github.com/extfuse/libfuse/releases/tag/fuse_2_6_0_pre1	https://github.com/extfuse/libfuse/commit/e109e285e0dc76c86830d9242084cd7638ff5752
refs/tags/fuse_2_6_0_pre2	9db31dc1cff5ae2e854649f039f319d45eb58cf3	commit			2006-03-16T14:43:28Z	new release	https://github.com/extfuse/libfuse/releases/tag/fuse_2_6_0_pre2	https://github.com/extfuse/libfuse/commit/9db31dc1cff5ae2e854649f039f319d45eb58cf3
refs/tags/fuse_2_6_0_pre3	ec3f6e4c0d5b3f1a1f91cf2a35a818ca9973fc6f	commit			2006-06-29T15:13:35Z	*** empty log message ***	https://github.com/extfuse/libfuse/releases/tag/fuse_2_6_0_pre3	https://github.com/extfuse/libfuse/commit/ec3f6e4c0d5b3f1a1f91cf2a35a818ca9973fc6f
refs/tags/fuse_2_6_0_rc1	0c59ebfc9b811c60fcf808a5de33320eeeb394af	commit			2006-09-10T20:53:36Z	ulockmgr	https://github.com/extfuse/libfuse/releases/tag/fuse_2_6_0_rc1	https://github.com/extfuse/libfuse/commit/0c59ebfc9b811c60fcf808a5de33320eeeb394af
refs/tags/fuse_2_6_0_rc2	ff1e0d476dd531bb32fc5d132985223fb48e463f	commit			2006-10-01T14:42:02Z	new release candidate	https://github.com/extfuse/libfuse/releases/tag/fuse_2_6_0_rc2	https://github.com/extfuse/libfuse/commit/ff1e0d476dd531bb32fc5d132985223fb48e463f
refs/tags/fuse_2_6_0_rc3	12e5c98d0606df60ee198de0f394f0c5d4c7caaa	commit			2006-10-16T09:06:26Z	cleanups + new release candidate	https://github.com/extfuse/libfuse/releases/tag/fuse_2_6_0_rc3	https://github.com/extfuse/libfuse/commit/12e5c98d0606df60ee198de0f394f0c5d4c7caaa
refs/tags/fuse_2_6_1	d66695521fbc77c5213c7c9bdb086abbee3773ee	commit			2006-12-01T14:54:55Z	new release	https://github.com/extfuse/libfuse/releases/tag/fuse_2_6_1	https://github.com/extfuse/libfuse/commit/d66695521fbc77c5213c7c9bdb086abbee3773ee
refs/tags/fuse_2_6_2	14a4d347661a3dd93e511ba1b34288db15963a64	commit			2007-01-28T23:15:00Z	kernel: sync with mainline, support 2.6.20	https://github.com/extfuse/libfuse/releases/tag/fuse_2_6_2	https://github.com/extfuse/libfuse/commit/14a4d347661a3dd93e511ba1b34288db15963a64
refs/tags/fuse_2_6_3	47f91164c597af69cc4b2a634aa8b74c2891680f	commit			2007-02-04T13:46:48Z	fix fuseblk compilation	https://github.com/extfuse/libfuse/releases/tag/fuse_2_6_3	https://github.com/extfuse/libfuse/commit/47f91164c597af69cc4b2a634aa8b74c2891680f
refs/tags/fuse_2_6_4	b179843f8b8613a4ec53092c4d65e382cb712247	commit			2007-04-27T19:16:07Z	Released 2.6.4	https://github.com/extfuse/libfuse/releases/tag/fuse_2_6_4	https://github.com/extfuse/libfuse/commit/b179843f8b8613a4ec53092c4d65e382cb712247
refs/tags/fuse_2_6_5	0a0db26bd269562676b6251e8347f4b89907ace3	commit			2007-04-29T09:11:44Z	Released 2.6.5	https://github.com/extfuse/libfuse/releases/tag/fuse_2_6_5	https://github.com/extfuse/libfuse/commit/0a0db26bd269562676b6251e8347f4b89907ace3
refs/tags/fuse_2_6_merge1	1035b38a9a89713d50dcec6451fc5d3d77760686	commit			2007-01-19T17:26:16Z	Build fix for 2.6.16 vanila and 2.6.15 FC5 kernels	https://github.com/extfuse/libfuse/releases/tag/fuse_2_6_merge1	https://github.com/extfuse/libfuse/commit/1035b38a9a89713d50dcec6451fc5d3d77760686
refs/tags/fuse_2_6_merge2	9462fbfb3c8265bf3d018934c98732c99ce15521	commit			2007-02-03T10:40:12Z	make it compile on "strange" kernels	https://github.com/extfuse/libfuse/releases/tag/fuse_2_6_merge2	https://github.com/extfuse/libfuse/commit/9462fbfb3c8265bf3d018934c98732c99ce15521
refs/tags/fuse_2_6_merge3	ecfbf168951689ef12182d46aa4bf3b595996396	commit			2007-03-05T11:37:52Z	mount.fuse should use /bin/bash.  Debian Bug#413403	https://github.com/extfuse/libfuse/releases/tag/fuse_2_6_merge3	https://github.com/extfuse/libfuse/commit/ecfbf168951689ef12182d46aa4bf3b595996396
refs/tags/fuse_2_7_0	d4428a57bc961d0ec23626cb066735ebb70b0621	commit			2007-07-02T11:29:19Z	Released 2.7.0	https://github.com/extfuse/libfuse/releases/tag/fuse_2_7_0	https://github.com/extfuse/libfuse/commit/d4428a57bc961d0ec23626cb066735ebb70b0621
refs/tags/fuse_2_7_0_rc1	56ef5d3a1d2b56fa6a0c60f2d8df1393784aa90e	commit			2007-05-03T11:56:02Z	fix	https://github.com/extfuse/libfuse/releases/tag/fuse_2_7_0_rc1	https://github.com/extfuse/libfuse/commit/56ef5d3a1d2b56fa6a0c60f2d8df1393784aa90e
refs/tags/fuse_2_7_1	f6fc1280f9ef5a2833abca56c976cf5fb046dfa5	commit			2007-10-16T16:57:25Z	add Doxyfile to EXTRA_DIST	https://github.com/extfuse/libfuse/releases/tag/fuse_2_7_1	https://github.com/extfuse/libfuse/commit/f6fc1280f9ef5a2833abca56c976cf5fb046dfa5
refs/tags/fuse_2_7_2	a203851326b38162f61ea4f79941756ad1c2d021	commit			2007-12-17T13:27:44Z	Released 2.7.2	https://github.com/extfuse/libfuse/releases/tag/fuse_2_7_2	https://github.com/extfuse/libfuse/commit/a203851326b38162f61ea4f79941756ad1c2d021
refs/tags/fuse_2_7_2_before_indent	918f0ad95b73e506d20488cb8ddd35d1a2524c7c	commit			2007-12-12T11:53:38Z	Disable old symbol versions if __UCLIBC__ is defined	https://github.com/extfuse/libfuse/releases/tag/fuse_2_7_2_before_indent	https://github.com/extfuse/libfuse/commit/918f0ad95b73e506d20488cb8ddd35d1a2524c7c
refs/tags/fuse_2_7_3	bf67154ab44944e69f92573837f15ddbaac1f3a9	tag	4a541a9617e2f6cf6762d78dd8554d7b92e09485	commit	2011-05-05T15:51:01+02:00	Released 2.7.3	https://github.com/extfuse/libfuse/releases/tag/fuse_2_7_3	https://github.com/extfuse/libfuse/commit/4a541a9617e2f6cf6762d78dd8554d7b92e09485
refs/tags/fuse_2_7_4	c301a0fb414260a551f46dcbfd8e35dde36e84b5	commit			2008-07-25T18:16:36Z	Update kernel module to compile with 2.6.26	https://github.com/extfuse/libfuse/releases/tag/fuse_2_7_4	https://github.com/extfuse/libfuse/commit/c301a0fb414260a551f46dcbfd8e35dde36e84b5
refs/tags/fuse_2_7_5	c6cc2b46a6aa5ddb2e1e51744b765574fcf2f415	commit			2010-01-26T21:15:44Z	* Released 2.7.5	https://github.com/extfuse/libfuse/releases/tag/fuse_2_7_5	https://github.com/extfuse/libfuse/commit/c6cc2b46a6aa5ddb2e1e51744b765574fcf2f415
refs/tags/fuse_2_8_0	697237681259821d3e26162186f2ed8d17cb8b22	commit			2009-08-18T16:13:33Z	* Add missing fuse_session_data to versionscript	https://github.com/extfuse/libfuse/releases/tag/fuse_2_8_0	https://github.com/extfuse/libfuse/commit/697237681259821d3e26162186f2ed8d17cb8b22
refs/tags/fuse_2_8_0_pre2	f9fa25e977d523c0d01200edc01b21cc2835c66c	commit			2009-01-05T15:43:58Z	Released 2.8.0-pre2	https://github.com/extfuse/libfuse/releases/tag/fuse_2_8_0_pre2	https://github.com/extfuse/libfuse/commit/f9fa25e977d523c0d01200edc01b21cc2835c66c
refs/tags/fuse_2_8_1	003bbc6ad300643fe6947d8e2db119ad8050e44f	commit			2009-09-11T10:48:52Z	* Released 2.8.1	https://github.com/extfuse/libfuse/releases/tag/fuse_2_8_1	https://github.com/extfuse/libfuse/commit/003bbc6ad300643fe6947d8e2db119ad8050e44f
refs/tags/fuse_2_8_2	054635595a6dae38c56a2592d9ecc5987e841afd	commit			2010-01-26T20:46:45Z	* Released 2.8.2	https://github.com/extfuse/libfuse/releases/tag/fuse_2_8_2	https://github.com/extfuse/libfuse/commit/054635595a6dae38c56a2592d9ecc5987e841afd
refs/tags/fuse_2_8_3	96fd197a5ee0c3a94a317f04e0d2c088fc20d039	commit			2010-02-01T15:01:24Z	add bug report credits	https://github.com/extfuse/libfuse/releases/tag/fuse_2_8_3	https://github.com/extfuse/libfuse/commit/96fd197a5ee0c3a94a317f04e0d2c088fc20d039
refs/tags/fuse_2_8_4	754c488d9805be4861388d4733440a36fe6468bc	commit			2010-04-26T15:29:08Z	* Fix checking for symlinks in umount from /tmp.  Reported by Al Viro	https://github.com/extfuse/libfuse/releases/tag/fuse_2_8_4	https://github.com/extfuse/libfuse/commit/754c488d9805be4861388d4733440a36fe6468bc
refs/tags/fuse_2_8_5	6d5fe8563b939be30333737fc05cdbc7af521f3a	commit			2010-09-28T11:25:16+02:00	actually change the versions	https://github.com/extfuse/libfuse/releases/tag/fuse_2_8_5	https://github.com/extfuse/libfuse/commit/6d5fe8563b939be30333737fc05cdbc7af521f3a
refs/tags/fuse_2_8_6	1164b02fc8303b1ff748f2d5f8af71450cc430d1	tag	d83caf3f072d1f13464d96368422519053a3fe28	commit	2011-09-13T10:58:23+02:00	fuse 2.8.6	https://github.com/extfuse/libfuse/releases/tag/fuse_2_8_6	https://github.com/extfuse/libfuse/commit/d83caf3f072d1f13464d96368422519053a3fe28
refs/tags/fuse_2_8_7	f6c3524f00b432221a0941cc52cacae1d756e577	commit			2012-01-25T18:07:51+01:00	Released 2.8.7	https://github.com/extfuse/libfuse/releases/tag/fuse_2_8_7	https://github.com/extfuse/libfuse/commit/f6c3524f00b432221a0941cc52cacae1d756e577
refs/tags/fuse_2_8_start	6889e443c5f08fe5972b0eb0fe58a269a5da922b	commit			2008-02-05T03:47:26Z	lib/mount_bsd.c: fix typo	https://github.com/extfuse/libfuse/releases/tag/fuse_2_8_start	https://github.com/extfuse/libfuse/commit/6889e443c5f08fe5972b0eb0fe58a269a5da922b
refs/tags/fuse_2_9_0	acc5c79dd60c1c2aa528743394e3a9fad7f5def3	commit			2012-04-20T16:30:05+02:00	Released 2.9.0	https://github.com/extfuse/libfuse/releases/tag/fuse_2_9_0	https://github.com/extfuse/libfuse/commit/acc5c79dd60c1c2aa528743394e3a9fad7f5def3
refs/tags/fuse_2_9_1	1186ccaa8d5f0fb3fed384781ec9e89dd8060202	commit			2012-07-19T15:22:38+02:00	Released 2.9.1	https://github.com/extfuse/libfuse/releases/tag/fuse_2_9_1	https://github.com/extfuse/libfuse/commit/1186ccaa8d5f0fb3fed384781ec9e89dd8060202
refs/tags/fuse_2_9_2	ad38195a88c80d73cb46507851ebb870f3bd588d	commit			2012-10-01T19:56:49+02:00	Released 2.9.2	https://github.com/extfuse/libfuse/releases/tag/fuse_2_9_2	https://github.com/extfuse/libfuse/commit/ad38195a88c80d73cb46507851ebb870f3bd588d
refs/tags/fuse_2_9_3	d44bf3a4ac1ce1b56672ac9ae4a5caa3a8ee6844	commit			2013-07-01T10:48:51+02:00	Released 2.9.3	https://github.com/extfuse/libfuse/releases/tag/fuse_2_9_3	https://github.com/extfuse/libfuse/commit/d44bf3a4ac1ce1b56672ac9ae4a5caa3a8ee6844
refs/tags/fuse_2_9_4	6adcb719a933a31013c73fda8e0ccb0e13b45e58	commit			2015-05-22T11:24:02+02:00	Released 2.9.4	https://github.com/extfuse/libfuse/releases/tag/fuse_2_9_4	https://github.com/extfuse/libfuse/commit/6adcb719a933a31013c73fda8e0ccb0e13b45e58
refs/tags/fuse_2_9_5	dbbe46676a610d9d607430c19e09afe5a271259f	tag	1ac9ca5636f3309b86eab007dfe863d14f52e329	commit	2016-01-14T11:21:00-08:00	Tagged release 2.9.5	https://github.com/extfuse/libfuse/releases/tag/fuse_2_9_5	https://github.com/extfuse/libfuse/commit/1ac9ca5636f3309b86eab007dfe863d14f52e329
refs/tags/fuse_2_9_start	6433d1b8cbd8c7befaf50922858632daf2b33c8f	commit			2010-06-01T09:45:52Z	* Remove "chmod root" from install of fusermount	https://github.com/extfuse/libfuse/releases/tag/fuse_2_9_start	https://github.com/extfuse/libfuse/commit/6433d1b8cbd8c7befaf50922858632daf2b33c8f
refs/tags/fuse_3_0_start	1186ccaa8d5f0fb3fed384781ec9e89dd8060202	commit			2012-07-19T15:22:38+02:00	Released 2.9.1	https://github.com/extfuse/libfuse/releases/tag/fuse_3_0_start	https://github.com/extfuse/libfuse/commit/1186ccaa8d5f0fb3fed384781ec9e89dd8060202
refs/tags/start	bc22e7bec727bc72d91a3001fbda976f1adf352d	commit			2001-10-23T19:26:04Z	Imported sources	https://github.com/extfuse/libfuse/releases/tag/start	https://github.com/extfuse/libfuse/commit/bc22e7bec727bc72d91a3001fbda976f1adf352d
